Workbook

Sheet ข้อมูลบริษัท
A1: ข้อมูลบริษัท · แก้ที่นี่ครั้งเดียว ทุกเอกสารดึงไปใช้
A3: ชื่อแบรนด์ | B3: Krabi Digital Solutions
A4: ชื่อนิติบุคคล | B4: [ชื่อนิติบุคคลตามที่จดทะเบียน]
A5: ที่อยู่ | B5: [ที่อยู่บริษัท] จ.กระบี่ [รหัสไปรษณีย์]
A6: เลขประจำตัวผู้เสียภาษี | B6: [13 หลัก]
A7: สาขา | B7: สำนักงานใหญ่
A8: โทร | B8: 080-893-0617
A9: อีเมล | B9: contact@krabitech.com
A10: เว็บไซต์ | B10: krabitech.com
A11: LINE | B11: @982ghtqj
A12: บัญชีรับเงิน | B12: ธนาคาร [ชื่อธนาคาร] สาขา [สาขา] ชื่อบัญชี [ชื่อบัญชี] เลขที่บัญชี [xxx-x-xxxxx-x]
A15: วิธีใช้
A16: • ข้อความใน [วงเล็บเหลี่ยม] คือช่องที่ต้องกรอก
A17: • กรอกข้อมูลลูกค้า รายการ จำนวน ราคา และส่วนลด ช่องจำนวนเงินและยอดรวมคำนวณให้อัตโนมัติ
A18: • VAT 7% และหัก ณ ที่จ่าย 3% เลือก ใช่ / ไม่ใช่ ในคอลัมน์ I (อยู่นอกพื้นที่พิมพ์)
A19: • ใบเสร็จ + VAT = ใบเสร็จรับเงิน / ใบกำกับภาษี (บริการ: ออกใบกำกับภาษีเมื่อได้รับเงิน)
A20: • ตัวอักษรบาทใช้ฟังก์ชัน BAHTTEXT ของ Excel
A21: • พิมพ์: File › Print › A4 (ตั้งค่าหน้ากระดาษไว้แล้ว) · ติดตั้งฟอนต์ IBM Plex Sans Thai และ LINE Seed Sans TH ก่อน

Sheet ใบเสนอราคา
D1: QUOTATION
C2: ใบเสนอราคา
A5: ='ข้อมูลบริษัท'!$B$3 | D5: เลขที่ | E5: QT-202609-001
A6: ='ข้อมูลบริษัท'!$B$4 | D6: วันที่ | E6: 46294
A7: ='ข้อมูลบริษัท'!$B$5 | D7: ยืนราคาถึง | E7: =E6+30
A8: ="เลขประจำตัวผู้เสียภาษี "&'ข้อมูลบริษัท'!$B$6&" · "&'ข้อมูลบริษัท'!$B$7 | D8: ผู้ดูแลโปรเจกต์ | E8: [ชื่อผู้ดูแลโปรเจกต์]
A9: ='ข้อมูลบริษัท'!$B$8&" · "&'ข้อมูลบริษัท'!$B$9&" · "&'ข้อมูลบริษัท'!$B$10
A11: ลูกค้า
A12: บริษัท [ชื่อลูกค้า] จำกัด (สำนักงานใหญ่)
A13: [ที่อยู่ลูกค้า]
A14: เลขประจำตัวผู้เสียภาษี [13 หลัก]
A15: คุณ[ผู้ติดต่อ] · [เบอร์โทร]
A17: # | B17: รายละเอียด | C17: จำนวน | D17: หน่วย | E17: ราคาต่อหน่วย | F17: จำนวนเงิน (บาท)
A18: =IF(B18="","",1) | B18: เว็บไซต์พร้อมระบบจองห้องพัก ออกแบบ UX/UI 2 ภาษา (ไทย / อังกฤษ) · ระบบจองตรงพร้อมปฏิทินห้องว่าง · On-page SEO เบื้องต้น | C18: 1 | D18: งาน | E18: 85000 | F18: =IF(OR(C18="",E18=""),"",C18*E18)
A19: =IF(B19="","",2) | B19: ตั้งค่าโดเมน อีเมลบริษัท และ SSL | C19: 1 | D19: งาน | E19: 3500 | F19: =IF(OR(C19="",E19=""),"",C19*E19)
A20: =IF(B20="","",3) | B20: ดูแลเซิร์ฟเวอร์และสำรองข้อมูล อัปเดตระบบ ตรวจสอบความปลอดภัย สำรองข้อมูลรายวัน | C20: 12 | D20: เดือน | E20: 2500 | F20: =IF(OR(C20="",E20=""),"",C20*E20)
A21: =IF(B21="","",4) | F21: =IF(OR(C21="",E21=""),"",C21*E21)
A22: =IF(B22="","",5) | F22: =IF(OR(C22="",E22=""),"",C22*E22)
A23: =IF(B23="","",6) | F23: =IF(OR(C23="",E23=""),"",C23*E23)
A24: =IF(B24="","",7) | F24: =IF(OR(C24="",E24=""),"",C24*E24)
A25: =IF(B25="","",8) | F25: =IF(OR(C25="",E25=""),"",C25*E25)
A26: =IF(B26="","",9) | F26: =IF(OR(C26="",E26=""),"",C26*E26)
A27: =IF(B27="","",10) | F27: =IF(OR(C27="",E27=""),"",C27*E27)
A28: =IF(B28="","",11) | F28: =IF(OR(C28="",E28=""),"",C28*E28)
A29: =IF(B29="","",12) | F29: =IF(OR(C29="",E29=""),"",C29*E29)
A30: =IF(B30="","",13) | F30: =IF(OR(C30="",E30=""),"",C30*E30)
A31: =IF(B31="","",14) | F31: =IF(OR(C31="",E31=""),"",C31*E31)
A32: =IF(B32="","",15) | F32: =IF(OR(C32="",E32=""),"",C32*E32)
A34: จำนวนเงินตัวอักษร | E34: รวมเป็นเงิน | F34: =SUM(F18:F32)
A35: =BAHTTEXT(F39) | E35: ส่วนลด | F35: 0
E36: ยอดหลังหักส่วนลด | F36: =F34-F35 | H36: ตั้งค่า (ไม่พิมพ์)
E38: ภาษีมูลค่าเพิ่ม 7% | F38: =IF(I38="ใช่",ROUND(F36*7%,2),0) | H38: คิด VAT 7% | I38: ไม่ใช่
E39: ยอดรวมทั้งสิ้น | F39: =F36+F38
E40: หัก ณ ที่จ่าย 3% | F40: =IF(I40="ใช่",-ROUND(F36*3%,2),0) | H40: หัก ณ ที่จ่าย 3% | I40: ไม่ใช่
E41: ยอดชำระสุทธิ | F41: =F39+F40
A43: เงื่อนไข | D43: ช่องทางชำระเงิน
A44: • ชำระมัดจำ [50]% เมื่อยืนยันงาน ส่วนที่เหลือเมื่อส่งมอบ • รับประกันแก้ไขข้อผิดพลาดหลังส่งมอบ [3] เดือน • ไม่รวมค่าโดเมน โฮสติ้ง และบริการภายนอก เว้นแต่ระบุในรายการ • เริ่มงานภายใน [7] วันหลังได้รับมัดจำ | D44: ='ข้อมูลบริษัท'!$B$12
A52: ผู้เสนอราคา | D52: ผู้อนุมัติสั่งงาน
A53: Krabi Digital Solutions | D53: ลูกค้า · วันที่ ____/____/______
A55: ='ข้อมูลบริษัท'!$B$3&" · "&'ข้อมูลบริษัท'!$B$10&" · "&'ข้อมูลบริษัท'!$B$8&" · LINE "&'ข้อมูลบริษัท'!$B$11

Sheet ใบแจ้งหนี้
D1: INVOICE
C2: ใบแจ้งหนี้
A5: ='ข้อมูลบริษัท'!$B$3 | D5: เลขที่ | E5: INV-202609-001
A6: ='ข้อมูลบริษัท'!$B$4 | D6: วันที่ | E6: 46294
A7: ='ข้อมูลบริษัท'!$B$5 | D7: ครบกำหนดชำระ | E7: =E6+7
A8: ="เลขประจำตัวผู้เสียภาษี "&'ข้อมูลบริษัท'!$B$6&" · "&'ข้อมูลบริษัท'!$B$7 | D8: อ้างอิง | E8: [เลขที่ QT]
A9: ='ข้อมูลบริษัท'!$B$8&" · "&'ข้อมูลบริษัท'!$B$9&" · "&'ข้อมูลบริษัท'!$B$10
A11: ลูกค้า
A12: บริษัท [ชื่อลูกค้า] จำกัด (สำนักงานใหญ่)
A13: [ที่อยู่ลูกค้า]
A14: เลขประจำตัวผู้เสียภาษี [13 หลัก]
A15: คุณ[ผู้ติดต่อ] · [เบอร์โทร]
A17: # | B17: รายละเอียด | C17: จำนวน | D17: หน่วย | E17: ราคาต่อหน่วย | F17: จำนวนเงิน (บาท)
A18: =IF(B18="","",1) | B18: เว็บไซต์พร้อมระบบจองห้องพัก ออกแบบ UX/UI 2 ภาษา (ไทย / อังกฤษ) · ระบบจองตรงพร้อมปฏิทินห้องว่าง · On-page SEO เบื้องต้น | C18: 1 | D18: งาน | E18: 85000 | F18: =IF(OR(C18="",E18=""),"",C18*E18)
A19: =IF(B19="","",2) | B19: ตั้งค่าโดเมน อีเมลบริษัท และ SSL | C19: 1 | D19: งาน | E19: 3500 | F19: =IF(OR(C19="",E19=""),"",C19*E19)
A20: =IF(B20="","",3) | B20: ดูแลเซิร์ฟเวอร์และสำรองข้อมูล อัปเดตระบบ ตรวจสอบความปลอดภัย สำรองข้อมูลรายวัน | C20: 12 | D20: เดือน | E20: 2500 | F20: =IF(OR(C20="",E20=""),"",C20*E20)
A21: =IF(B21="","",4) | F21: =IF(OR(C21="",E21=""),"",C21*E21)
A22: =IF(B22="","",5) | F22: =IF(OR(C22="",E22=""),"",C22*E22)
A23: =IF(B23="","",6) | F23: =IF(OR(C23="",E23=""),"",C23*E23)
A24: =IF(B24="","",7) | F24: =IF(OR(C24="",E24=""),"",C24*E24)
A25: =IF(B25="","",8) | F25: =IF(OR(C25="",E25=""),"",C25*E25)
A26: =IF(B26="","",9) | F26: =IF(OR(C26="",E26=""),"",C26*E26)
A27: =IF(B27="","",10) | F27: =IF(OR(C27="",E27=""),"",C27*E27)
A28: =IF(B28="","",11) | F28: =IF(OR(C28="",E28=""),"",C28*E28)
A29: =IF(B29="","",12) | F29: =IF(OR(C29="",E29=""),"",C29*E29)
A30: =IF(B30="","",13) | F30: =IF(OR(C30="",E30=""),"",C30*E30)
A31: =IF(B31="","",14) | F31: =IF(OR(C31="",E31=""),"",C31*E31)
A32: =IF(B32="","",15) | F32: =IF(OR(C32="",E32=""),"",C32*E32)
A34: จำนวนเงินตัวอักษร | E34: รวมเป็นเงิน | F34: =SUM(F18:F32)
A35: =BAHTTEXT(F39) | E35: ส่วนลด | F35: 0
E36: ยอดหลังหักส่วนลด | F36: =F34-F35 | H36: ตั้งค่า (ไม่พิมพ์)
E38: ภาษีมูลค่าเพิ่ม 7% | F38: =IF(I38="ใช่",ROUND(F36*7%,2),0) | H38: คิด VAT 7% | I38: ไม่ใช่
E39: ยอดรวมทั้งสิ้น | F39: =F36+F38
E40: หัก ณ ที่จ่าย 3% | F40: =IF(I40="ใช่",-ROUND(F36*3%,2),0) | H40: หัก ณ ที่จ่าย 3% | I40: ไม่ใช่
E41: ยอดชำระสุทธิ | F41: =F39+F40
A43: หมายเหตุ | D43: ช่องทางชำระเงิน
A44: งวดที่ [1] จาก [2] · [มัดจำ 50%] กรุณาแจ้งหลักฐานการโอนทาง LINE @982ghtqj หรือ contact@krabitech.com | D44: ='ข้อมูลบริษัท'!$B$12
A52: ผู้วางบิล | D52: ผู้รับวางบิล
A53: Krabi Digital Solutions | D53: วันที่ ____/____/______
A55: ='ข้อมูลบริษัท'!$B$3&" · "&'ข้อมูลบริษัท'!$B$10&" · "&'ข้อมูลบริษัท'!$B$8&" · LINE "&'ข้อมูลบริษัท'!$B$11

Sheet ใบเสร็จรับเงิน
D1: =IF($I$38="ใช่","RECEIPT / TAX INVOICE","RECEIPT")
C2: =IF($I$38="ใช่","ใบเสร็จรับเงิน / ใบกำกับภาษี","ใบเสร็จรับเงิน")
A5: ='ข้อมูลบริษัท'!$B$3 | D5: เลขที่ | E5: RC-202609-001
A6: ='ข้อมูลบริษัท'!$B$4 | D6: วันที่ | E6: 46294
A7: ='ข้อมูลบริษัท'!$B$5 | D7: อ้างอิง | E7: [เลขที่ INV]
A8: ="เลขประจำตัวผู้เสียภาษี "&'ข้อมูลบริษัท'!$B$6&" · "&'ข้อมูลบริษัท'!$B$7 | E8: ต้นฉบับ
A9: ='ข้อมูลบริษัท'!$B$8&" · "&'ข้อมูลบริษัท'!$B$9&" · "&'ข้อมูลบริษัท'!$B$10
A11: ได้รับเงินจาก
A12: บริษัท [ชื่อลูกค้า] จำกัด (สำนักงานใหญ่)
A13: [ที่อยู่ลูกค้า]
A14: เลขประจำตัวผู้เสียภาษี [13 หลัก]
A15: คุณ[ผู้ติดต่อ] · [เบอร์โทร]
A17: # | B17: รายละเอียด | C17: จำนวน | D17: หน่วย | E17: ราคาต่อหน่วย | F17: จำนวนเงิน (บาท)
A18: =IF(B18="","",1) | B18: เว็บไซต์พร้อมระบบจองห้องพัก ออกแบบ UX/UI 2 ภาษา (ไทย / อังกฤษ) · ระบบจองตรงพร้อมปฏิทินห้องว่าง · On-page SEO เบื้องต้น | C18: 1 | D18: งาน | E18: 85000 | F18: =IF(OR(C18="",E18=""),"",C18*E18)
A19: =IF(B19="","",2) | B19: ตั้งค่าโดเมน อีเมลบริษัท และ SSL | C19: 1 | D19: งาน | E19: 3500 | F19: =IF(OR(C19="",E19=""),"",C19*E19)
A20: =IF(B20="","",3) | B20: ดูแลเซิร์ฟเวอร์และสำรองข้อมูล อัปเดตระบบ ตรวจสอบความปลอดภัย สำรองข้อมูลรายวัน | C20: 12 | D20: เดือน | E20: 2500 | F20: =IF(OR(C20="",E20=""),"",C20*E20)
A21: =IF(B21="","",4) | F21: =IF(OR(C21="",E21=""),"",C21*E21)
A22: =IF(B22="","",5) | F22: =IF(OR(C22="",E22=""),"",C22*E22)
A23: =IF(B23="","",6) | F23: =IF(OR(C23="",E23=""),"",C23*E23)
A24: =IF(B24="","",7) | F24: =IF(OR(C24="",E24=""),"",C24*E24)
A25: =IF(B25="","",8) | F25: =IF(OR(C25="",E25=""),"",C25*E25)
A26: =IF(B26="","",9) | F26: =IF(OR(C26="",E26=""),"",C26*E26)
A27: =IF(B27="","",10) | F27: =IF(OR(C27="",E27=""),"",C27*E27)
A28: =IF(B28="","",11) | F28: =IF(OR(C28="",E28=""),"",C28*E28)
A29: =IF(B29="","",12) | F29: =IF(OR(C29="",E29=""),"",C29*E29)
A30: =IF(B30="","",13) | F30: =IF(OR(C30="",E30=""),"",C30*E30)
A31: =IF(B31="","",14) | F31: =IF(OR(C31="",E31=""),"",C31*E31)
A32: =IF(B32="","",15) | F32: =IF(OR(C32="",E32=""),"",C32*E32)
A34: จำนวนเงินตัวอักษร | E34: รวมเป็นเงิน | F34: =SUM(F18:F32)
A35: =BAHTTEXT(F39) | E35: ส่วนลด | F35: 0
E36: ยอดหลังหักส่วนลด | F36: =F34-F35 | H36: ตั้งค่า (ไม่พิมพ์)
E38: ภาษีมูลค่าเพิ่ม 7% | F38: =IF(I38="ใช่",ROUND(F36*7%,2),0) | H38: คิด VAT 7% | I38: ไม่ใช่
E39: ยอดรวมทั้งสิ้น | F39: =F36+F38
E40: หัก ณ ที่จ่าย 3% | F40: =IF(I40="ใช่",-ROUND(F36*3%,2),0) | H40: หัก ณ ที่จ่าย 3% | I40: ไม่ใช่
E41: ยอดชำระสุทธิ | F41: =F39+F40
A43: ชำระโดย | D43: หมายเหตุ
A44: ☐ เงินสด ☐ โอนเงิน ธนาคาร [ชื่อธนาคาร] ☐ เช็ค เลขที่ [เลขที่เช็ค] ลงวันที่ [วันที่] | D44: ได้รับเงินตามรายการข้างต้นเรียบร้อยแล้ว ใบเสร็จนี้จะสมบูรณ์เมื่อเรียกเก็บเงินตามเช็คได้แล้ว
A52: ผู้รับเงิน | D52: ผู้มีอำนาจลงนาม
A53: Krabi Digital Solutions | D53: Krabi Digital Solutions
A55: ='ข้อมูลบริษัท'!$B$3&" · "&'ข้อมูลบริษัท'!$B$10&" · "&'ข้อมูลบริษัท'!$B$8&" · LINE "&'ข้อมูลบริษัท'!$B$11
